{
  "min_max_scaler__age": 557.4379417896271,
  "min_max_scaler__num_bank_accounts": 587.9990770816803,
  "min_max_scaler__num_credit_card": 603.1806093454361,
  "min_max_scaler__num_of_loan": 88.16927003860474,
  "min_max_scaler__delay_from_due_date": 1065.3445677161217,
  "min_max_scaler__num_of_delayed_payment": 823.3011384606361,
  "min_max_scaler__changed_credit_limit": 1144.805173754692,
  "min_max_scaler__num_credit_inquiries": 377.4633477926254,
  "min_max_scaler__credit_utilization_ratio": 786.0996648669243,
  "min_max_scaler__credit_history_age": 498.63265466690063,
  "one_hot_encoder__payment_behaviour_High_spent_Large_value_payments": 113.36136138439178,
  "one_hot_encoder__payment_behaviour_High_spent_Medium_value_payments": 23.16191017627716,
  "one_hot_encoder__payment_behaviour_High_spent_Small_value_payments": 57.94313979148865,
  "one_hot_encoder__payment_behaviour_Low_spent_Large_value_payments": 18.638370037078857,
  "one_hot_encoder__payment_behaviour_Low_spent_Medium_value_payments": 78.55103558301926,
  "one_hot_encoder__payment_behaviour_Low_spent_Small_value_payments": 152.08381408452988,
  "caregorical__payment_of_min_amount": 45.7299702167511,
  "log__annual_income": 469.1497139930725,
  "log__monthly_inhand_salary": 566.2524007558823,
  "log__interest_rate": 1627.5900581479073,
  "log__outstanding_debt": 4095.148248076439,
  "log__total_emi_per_month": 761.3797446489334,
  "log__amount_invested_monthly": 935.5827592015266,
  "log__monthly_balance": 764.5174794197083,
  "log__prop_deuda_sueldo_anual": 570.7740968465805,
  "log__prop_emi_sueldo": 806.5898251533508
}